<?xml version="1.0" encoding="UTF-8"?>
<configurationDescriptor version="97">
  <logicalFolder name="root" displayName="root" projectFiles="true" kind="ROOT">
    <logicalFolder name="HeaderFiles"
                   displayName="Header Files"
                   projectFiles="true">
      <itemPath>headerfiles/Animation.h</itemPath>
      <itemPath>headerfiles/Bala.h</itemPath>
      <itemPath>headerfiles/ContactListener.h</itemPath>
      <itemPath>headerfiles/Entidad.h</itemPath>
      <itemPath>headerfiles/Partida.h</itemPath>
      <itemPath>headerfiles/Platform.h</itemPath>
      <itemPath>headerfiles/Player.h</itemPath>
      <itemPath>headerfiles/PlayerJoystick.h</itemPath>
      <itemPath>headerfiles/SpriteAnimated.h</itemPath>
      <itemPath>headerfiles/Temporizador.h</itemPath>
      <itemPath>headerfiles/Weapon.h</itemPath>
    </logicalFolder>
    <logicalFolder name="ResourceFiles"
                   displayName="Resource Files"
                   projectFiles="true">
      <itemPath>resources/audios</itemPath>
      <itemPath>resources/fonts</itemPath>
      <itemPath>resources/sprites</itemPath>
    </logicalFolder>
    <logicalFolder name="SourceFiles"
                   displayName="Source Files"
                   projectFiles="true">
      <itemPath>sourcefiles/Animation.cpp</itemPath>
      <itemPath>sourcefiles/Bala.cpp</itemPath>
      <itemPath>sourcefiles/ContactListener.cpp</itemPath>
      <itemPath>sourcefiles/Entidad.cpp</itemPath>
      <itemPath>sourcefiles/Partida.cpp</itemPath>
      <itemPath>sourcefiles/Platform.cpp</itemPath>
      <itemPath>sourcefiles/Player.cpp</itemPath>
      <itemPath>sourcefiles/PlayerJoystick.cpp</itemPath>
      <itemPath>sourcefiles/SpriteAnimated.cpp</itemPath>
      <itemPath>sourcefiles/Temporizador.cpp</itemPath>
      <itemPath>sourcefiles/Weapon.cpp</itemPath>
      <itemPath>main.cpp</itemPath>
    </logicalFolder>
    <logicalFolder name="ExternalFiles"
                   displayName="Important Files"
                   projectFiles="false"
                   kind="IMPORTANT_FILES_FOLDER">
      <itemPath>Makefile</itemPath>
    </logicalFolder>
  </logicalFolder>
  <sourceRootList>
    <Elem>Box2D</Elem>
  </sourceRootList>
  <projectmakefile>Makefile</projectmakefile>
  <confs>
    <conf name="Debug" type="1">
      <toolsSet>
        <compilerSet>default</compilerSet>
        <dependencyChecking>true</dependencyChecking>
        <rebuildPropChanged>false</rebuildPropChanged>
      </toolsSet>
      <compileType>
        <ccTool>
          <incDir>
            <pElem>/usr/include/SFML</pElem>
          </incDir>
        </ccTool>
        <linkerTool>
          <linkerAddLib>
            <pElem>/usr/lib/x86_64-linux-gnu</pElem>
          </linkerAddLib>
          <linkerLibItems>
            <linkerLibFileItem>/usr/lib/x86_64-linux-gnu/libsfml-audio.so</linkerLibFileItem>
            <linkerLibFileItem>/usr/lib/x86_64-linux-gnu/libsfml-graphics.so</linkerLibFileItem>
            <linkerLibFileItem>/usr/lib/x86_64-linux-gnu/libsfml-system.so</linkerLibFileItem>
            <linkerLibFileItem>/usr/lib/x86_64-linux-gnu/libsfml-window.so</linkerLibFileItem>
            <linkerLibFileItem>libBox2D.a</linkerLibFileItem>
          </linkerLibItems>
        </linkerTool>
      </compileType>
      <item path="headerfiles/Animation.h" ex="false" tool="3" flavor2="0">
      </item>
      <item path="headerfiles/Bala.h" ex="false" tool="3" flavor2="0">
      </item>
      <item path="headerfiles/ContactListener.h" ex="false" tool="3" flavor2="0">
      </item>
      <item path="headerfiles/Entidad.h" ex="false" tool="3" flavor2="0">
      </item>
      <item path="headerfiles/Partida.h" ex="false" tool="3" flavor2="0">
      </item>
      <item path="headerfiles/Platform.h" ex="false" tool="3" flavor2="0">
      </item>
      <item path="headerfiles/Player.h" ex="false" tool="3" flavor2="0">
      </item>
      <item path="headerfiles/PlayerJoystick.h" ex="false" tool="3" flavor2="0">
      </item>
      <item path="headerfiles/SpriteAnimated.h" ex="false" tool="3" flavor2="0">
      </item>
      <item path="headerfiles/Temporizador.h" ex="false" tool="3" flavor2="0">
      </item>
      <item path="headerfiles/Weapon.h" ex="false" tool="3" flavor2="0">
      </item>
      <item path="main.cpp" ex="false" tool="1" flavor2="0">
      </item>
      <item path="resources/audios" ex="false" tool="3" flavor2="0">
      </item>
      <item path="resources/fonts" ex="false" tool="3" flavor2="0">
      </item>
      <item path="resources/sprites" ex="false" tool="3" flavor2="0">
      </item>
      <item path="sourcefiles/Animation.cpp" ex="false" tool="1" flavor2="0">
      </item>
      <item path="sourcefiles/Bala.cpp" ex="false" tool="1" flavor2="0">
      </item>
      <item path="sourcefiles/ContactListener.cpp" ex="false" tool="1" flavor2="0">
      </item>
      <item path="sourcefiles/Entidad.cpp" ex="false" tool="1" flavor2="0">
      </item>
      <item path="sourcefiles/Partida.cpp" ex="false" tool="1" flavor2="0">
      </item>
      <item path="sourcefiles/Platform.cpp" ex="false" tool="1" flavor2="0">
      </item>
      <item path="sourcefiles/Player.cpp" ex="false" tool="1" flavor2="0">
      </item>
      <item path="sourcefiles/PlayerJoystick.cpp" ex="false" tool="1" flavor2="0">
      </item>
      <item path="sourcefiles/SpriteAnimated.cpp" ex="false" tool="1" flavor2="0">
      </item>
      <item path="sourcefiles/Temporizador.cpp" ex="false" tool="1" flavor2="0">
      </item>
      <item path="sourcefiles/Weapon.cpp" ex="false" tool="1" flavor2="0">
      </item>
    </conf>
    <conf name="Release" type="1">
      <toolsSet>
        <compilerSet>default</compilerSet>
        <dependencyChecking>true</dependencyChecking>
        <rebuildPropChanged>false</rebuildPropChanged>
      </toolsSet>
      <compileType>
        <cTool>
          <developmentMode>5</developmentMode>
        </cTool>
        <ccTool>
          <developmentMode>5</developmentMode>
        </ccTool>
        <fortranCompilerTool>
          <developmentMode>5</developmentMode>
        </fortranCompilerTool>
        <asmTool>
          <developmentMode>5</developmentMode>
        </asmTool>
        <linkerTool>
          <linkerAddLib>
            <pElem>/usr/lib/x86_64-linux-gnu</pElem>
          </linkerAddLib>
          <linkerLibItems>
            <linkerLibFileItem>libBox2D.a</linkerLibFileItem>
            <linkerLibFileItem>/usr/lib/x86_64-linux-gnu/libsfml-window.so</linkerLibFileItem>
            <linkerLibFileItem>/usr/lib/x86_64-linux-gnu/libsfml-audio.so</linkerLibFileItem>
            <linkerLibFileItem>/usr/lib/x86_64-linux-gnu/libsfml-graphics.so</linkerLibFileItem>
            <linkerLibFileItem>/usr/lib/x86_64-linux-gnu/libsfml-network.so</linkerLibFileItem>
            <linkerLibFileItem>/usr/lib/x86_64-linux-gnu/libsfml-system.so</linkerLibFileItem>
          </linkerLibItems>
        </linkerTool>
      </compileType>
      <item path="headerfiles/Animation.h" ex="false" tool="3" flavor2="0">
      </item>
      <item path="headerfiles/Bala.h" ex="false" tool="3" flavor2="0">
      </item>
      <item path="headerfiles/ContactListener.h" ex="false" tool="3" flavor2="0">
      </item>
      <item path="headerfiles/Entidad.h" ex="false" tool="3" flavor2="0">
      </item>
      <item path="headerfiles/Partida.h" ex="false" tool="3" flavor2="0">
      </item>
      <item path="headerfiles/Platform.h" ex="false" tool="3" flavor2="0">
      </item>
      <item path="headerfiles/Player.h" ex="false" tool="3" flavor2="0">
      </item>
      <item path="headerfiles/PlayerJoystick.h" ex="false" tool="3" flavor2="0">
      </item>
      <item path="headerfiles/SpriteAnimated.h" ex="false" tool="3" flavor2="0">
      </item>
      <item path="headerfiles/Temporizador.h" ex="false" tool="3" flavor2="0">
      </item>
      <item path="headerfiles/Weapon.h" ex="false" tool="3" flavor2="0">
      </item>
      <item path="main.cpp" ex="false" tool="1" flavor2="0">
      </item>
      <item path="resources/audios" ex="false" tool="3" flavor2="0">
      </item>
      <item path="resources/fonts" ex="false" tool="3" flavor2="0">
      </item>
      <item path="resources/sprites" ex="false" tool="3" flavor2="0">
      </item>
      <item path="sourcefiles/Animation.cpp" ex="false" tool="1" flavor2="0">
      </item>
      <item path="sourcefiles/Bala.cpp" ex="false" tool="1" flavor2="0">
      </item>
      <item path="sourcefiles/ContactListener.cpp" ex="false" tool="1" flavor2="0">
      </item>
      <item path="sourcefiles/Entidad.cpp" ex="false" tool="1" flavor2="0">
      </item>
      <item path="sourcefiles/Partida.cpp" ex="false" tool="1" flavor2="0">
      </item>
      <item path="sourcefiles/Platform.cpp" ex="false" tool="1" flavor2="0">
      </item>
      <item path="sourcefiles/Player.cpp" ex="false" tool="1" flavor2="0">
      </item>
      <item path="sourcefiles/PlayerJoystick.cpp" ex="false" tool="1" flavor2="0">
      </item>
      <item path="sourcefiles/SpriteAnimated.cpp" ex="false" tool="1" flavor2="0">
      </item>
      <item path="sourcefiles/Temporizador.cpp" ex="false" tool="1" flavor2="0">
      </item>
      <item path="sourcefiles/Weapon.cpp" ex="false" tool="1" flavor2="0">
      </item>
    </conf>
  </confs>
</configurationDescriptor>
